{
  "training_time": 28.719553,
  "train_accuracy": 1.0,
  "model_name": "gradient_boosting",
  "validation": {
    "accuracy": 0.9855072463768116,
    "precision": 0.9856074713653903,
    "recall": 0.9855072463768116,
    "f1_score": 0.9854658561072206,
    "confusion_matrix": [
      [
        266,
        9
      ],
      [
        2,
        482
      ]
    ],
    "roc_auc": 0.998587528174305
  },
  "test": {
    "accuracy": 0.984179301252472,
    "precision": 0.9842082755445019,
    "recall": 0.984179301252472,
    "f1_score": 0.9841472451127912,
    "confusion_matrix": [
      [
        532,
        17
      ],
      [
        7,
        961
      ]
    ],
    "classification_report": {
      "0": {
        "precision": 0.987012987012987,
        "recall": 0.9690346083788707,
        "f1-score": 0.9779411764705882,
        "support": 549.0
      },
      "1": {
        "precision": 0.9826175869120655,
        "recall": 0.9927685950413223,
        "f1-score": 0.987667009249743,
        "support": 968.0
      },
      "accuracy": 0.984179301252472,
      "macro avg": {
        "precision": 0.9848152869625262,
        "recall": 0.9809016017100964,
        "f1-score": 0.9828040928601656,
        "support": 1517.0
      },
      "weighted avg": {
        "precision": 0.9842082755445019,
        "recall": 0.984179301252472,
        "f1-score": 0.9841472451127912,
        "support": 1517.0
      }
    },
    "roc_auc": 0.9987411371539539,
    "roc_curve": {
      "fpr": [
        0.0,
        0.0,
        0.0,
        0.0,
        0.0,
        0.0,
        0.0,
        0.0,
        0.0,
        0.0,
        0.0,
        0.0,
        0.0,
        0.0,
        0.0,
        0.0,
        0.0,
        0.0,
        0.0,
        0.0,
        0.0,
        0.0,
        0.0,
        0.0,
        0.0,
        0.0,
        0.0,
        0.0,
        0.0,
        0.0,
        0.0,
        0.0,
        0.0,
        0.0,
        0.0,
        0.0,
        0.0,
        0.0,
        0.0,
        0.0,
        0.0,
        0.0,
        0.0,
        0.0,
        0.0,
        0.0,
        0.0,
        0.0,
        0.0,
        0.0,
        0.0,
        0.0,
        0.0,
        0.0,
        0.0,
        0.0,
        0.0,
        0.0,
        0.0,
        0.0,
        0.0,
        0.0,
        0.0,
        0.0,
        0.0018214936247723133,
        0.0018214936247723133,
        0.0018214936247723133,
        0.0018214936247723133,
        0.0018214936247723133,
        0.0018214936247723133,
        0.0036429872495446266,
        0.0036429872495446266,
        0.00546448087431694,
        0.00546448087431694,
        0.00546448087431694,
        0.00546448087431694,
        0.00546448087431694,
        0.00546448087431694,
        0.007285974499089253,
        0.007285974499089253,
        0.009107468123861567,
        0.009107468123861567,
        0.01092896174863388,
        0.01092896174863388,
        0.014571948998178506,
        0.014571948998178506,
        0.020036429872495445,
        0.020036429872495445,
        0.023679417122040074,
        0.023679417122040074,
        0.0273224043715847,
        0.0273224043715847,
        0.029143897996357013,
        0.029143897996357013,
        0.030965391621129327,
        0.030965391621129327,
        0.03642987249544627,
        0.03642987249544627,
        0.04553734061930783,
        0.04553734061930783,
        0.051001821493624776,
        0.051001821493624776,
        0.0546448087431694,
        0.0546448087431694,
        0.09107468123861566,
        0.09107468123861566,
        0.28051001821493626,
        0.2859744990892532,
        0.30965391621129323,
        0.3132969034608379,
        0.3588342440801457,
        0.36247723132969034,
        0.36429872495446264,
        0.37158469945355194,
        0.3788706739526412,
        0.3825136612021858,
        0.4116575591985428,
        0.4262295081967213,
        0.4426229508196721,
        0.4517304189435337,
        0.4553734061930783,
        0.45719489981785066,
        0.46265938069216755,
        0.4663023679417122,
        0.46994535519125685,
        0.4808743169398907,
        0.48451730418943534,
        0.48633879781420764,
        0.4899817850637523,
        0.5045537340619308,
        0.5081967213114754,
        0.5136612021857924,
        0.5209471766848816,
        0.5336976320582878,
        0.5391621129326047,
        0.5573770491803278,
        0.5628415300546448,
        0.5646630236794171,
        0.5792349726775956,
        0.5846994535519126,
        0.599271402550091,
        0.6065573770491803,
        0.6211293260473588,
        0.6247723132969034,
        0.6284153005464481,
        0.6338797814207651,
        0.6375227686703097,
        0.6411657559198543,
        0.644808743169399,
        0.6502732240437158,
        0.6539162112932605,
        0.6557377049180327,
        0.6757741347905283,
        0.6794171220400729,
        0.6939890710382514,
        0.7030965391621129,
        0.7085610200364298,
        0.7285974499089253,
        0.7431693989071039,
        0.7577413479052824,
        0.7741347905282332,
        0.7959927140255009,
        0.7996357012750456,
        0.8069216757741348,
        0.8123861566484517,
        0.8142076502732241,
        0.8178506375227687,
        0.8397085610200364,
        0.8506375227686703,
        0.9690346083788707,
        0.970856102003643,
        0.9744990892531876,
        0.97632058287796,
        0.9799635701275046,
        0.9908925318761385,
        1.0
      ],