{
  "training_time": 50.274269,
  "train_accuracy": 1.0,
  "model_name": "lightgbm",
  "validation": {
    "accuracy": 0.9907773386034255,
    "precision": 0.9907888563871223,
    "recall": 0.9907773386034255,
    "f1_score": 0.9907662951011874,
    "confusion_matrix": [
      [
        270,
        5
      ],
      [
        2,
        482
      ]
    ],
    "roc_auc": 0.9991660405709992
  },
  "test": {
    "accuracy": 0.987475280158207,
    "precision": 0.9874857235058838,
    "recall": 0.987475280158207,
    "f1_score": 0.9874576612858968,
    "confusion_matrix": [
      [
        536,
        13
      ],
      [
        6,
        962
      ]
    ],
    "classification_report": {
      "0": {
        "precision": 0.988929889298893,
        "recall": 0.97632058287796,
        "f1-score": 0.9825847846012832,
        "support": 549.0
      },
      "1": {
        "precision": 0.9866666666666667,
        "recall": 0.993801652892562,
        "f1-score": 0.9902213072568193,
        "support": 968.0
      },
      "accuracy": 0.987475280158207,
      "macro avg": {
        "precision": 0.9877982779827799,
        "recall": 0.985061117885261,
        "f1-score": 0.9864030459290513,
        "support": 1517.0
      },
      "weighted avg": {
        "precision": 0.9874857235058838,
        "recall": 0.987475280158207,
        "f1-score": 0.9874576612858968,
        "support": 1517.0
      }
    },
    "roc_auc": 0.999094898312484,
    "roc_curve": {
      "fpr": [
        0.0,
        0.0,
        0.0,
        0.0,
        0.0,
        0.0,
        0.0,
        0.0,
        0.0,
        0.0018214936247723133,
        0.0018214936247723133,
        0.0018214936247723133,
        0.0018214936247723133,
        0.0036429872495446266,
        0.0036429872495446266,
        0.00546448087431694,
        0.00546448087431694,
        0.007285974499089253,
        0.007285974499089253,
        0.009107468123861567,
        0.009107468123861567,
        0.01092896174863388,
        0.01092896174863388,
        0.012750455373406194,
        0.012750455373406194,
        0.014571948998178506,
        0.014571948998178506,
        0.01639344262295082,
        0.01639344262295082,
        0.018214936247723135,
        0.018214936247723135,
        0.020036429872495445,
        0.020036429872495445,
        0.02185792349726776,
        0.02185792349726776,
        0.023679417122040074,
        0.023679417122040074,
        0.0273224043715847,
        0.0273224043715847,
        0.03278688524590164,
        0.03278688524590164,
        0.21311475409836064,
        0.21311475409836064,
        1.0
      ],
      "tpr": [
        0.0,
        0.0010330578512396695,
        0.7241735537190083,
        0.7262396694214877,
        0.7303719008264463,
        0.7334710743801653,
        0.7407024793388429,
        0.7427685950413223,
        0.859504132231405,
        0.859504132231405,
        0.8956611570247934,
        0.8987603305785123,
        0.9452479338842975,
        0.9452479338842975,
        0.9669421487603306,
        0.9669421487603306,
        0.9731404958677686,
        0.9731404958677686,
        0.9762396694214877,
        0.9762396694214877,
        0.981404958677686,
        0.981404958677686,
        0.984504132231405,
        0.984504132231405,
        0.9855371900826446,
        0.9855371900826446,
        0.9865702479338843,
        0.9865702479338843,
        0.987603305785124,
        0.987603305785124,
        0.9896694214876033,
        0.9896694214876033,
        0.9917355371900827,
        0.9917355371900827,
        0.993801652892562,
        0.993801652892562,
        0.9948347107438017,
        0.9948347107438017,
        0.9979338842975206,
        0.9979338842975206,
        0.9989669421487604,
        0.9989669421487604,
        1.0,
        1.0
      ],
      "thresholds": [
        Infinity,
        0.9999999963079336,
        0.9999995861692205,
        0.9999995856461845,
        0.9999995445509378,
        0.9999995434870242,
        0.9999995072625615,
        0.9999994921989449,
        0.999997532059378,
        0.9999975150195374,
        0.9999946608109495,
        0.999994536298144,
        0.9999663741017748,
        0.9999653164928725,
        0.9998467931138514,
        0.9998442364188244,
        0.999488939063405,
        0.9993490195080177,
        0.9991007138050637,
        0.9987654505900638,
        0.9955465262184674,
        0.9952082287995534,
        0.9891274353401904,
        0.9891158124455679,
        0.987993184922261,
        0.9846058936397626,
        0.9803455139058856,
        0.9764352759142185,
        0.9743740251126527,
        0.973114184966145,
        0.9369643045870947,
        0.8935624894205099,
        0.8430519822529731,
        0.8256402817996482,
        0.7568219264481867,
        0.6063300610353634,
        0.38920778453082683,
        0.2121720424877715,
        0.03668837116138498,
        0.01720185865718101,
        0.015170765760197987,
        6.810475269499017e-07,
        6.635982674638329e-07,
        8.012690546791474e-09
      ]
    }
  },
  "feature_importance": {
    "koi_score": 449,
    "koi_duration": 343,
    "koi_dikco_msky": 261,
    "koi_max_mult_ev": 224,
    "koi_dicco_msky": 221,
    "koi_fpflag_ss": 219,
    "koi_incl": 199,
    "koi_prad_err1": 147,
    "koi_prad": 139,
    "koi_num_transits": 139,
    "koi_ror_err1": 137,
    "koi_ror_err2": 137,
    "koi_fwm_sra": 136,
    "koi_slogg_err1": 134,
    "koi_duration_err1": 131,
    "koi_model_snr": 121,
    "koi_smass_err1": 120,
    "koi_smet": 109,
    "koi_ror": 104,
    "koi_steff_err2": 100
  }
}