{
  "training_time": 14.578878,
  "train_accuracy": 0.9998116406102844,
  "model_name": "neural_network",
  "validation": {
    "accuracy": 0.9881422924901185,
    "precision": 0.988136641288807,
    "recall": 0.9881422924901185,
    "f1_score": 0.9881376116489285,
    "confusion_matrix": [
      [
        270,
        5
      ],
      [
        4,
        480
      ]
    ],
    "roc_auc": 0.9977235161532682
  },
  "test": {
    "accuracy": 0.984179301252472,
    "precision": 0.9841877706628295,
    "recall": 0.984179301252472,
    "f1_score": 0.9841537965204706,
    "confusion_matrix": [
      [
        533,
        16
      ],
      [
        8,
        960
      ]
    ],
    "classification_report": {
      "0": {
        "precision": 0.9852125693160814,
        "recall": 0.970856102003643,
        "f1-score": 0.9779816513761468,
        "support": 549.0
      },
      "1": {
        "precision": 0.9836065573770492,
        "recall": 0.9917355371900827,
        "f1-score": 0.9876543209876543,
        "support": 968.0
      },
      "accuracy": 0.984179301252472,
      "macro avg": {
        "precision": 0.9844095633465653,
        "recall": 0.9812958195968629,
        "f1-score": 0.9828179861819005,
        "support": 1517.0
      },
      "weighted avg": {
        "precision": 0.9841877706628295,
        "recall": 0.984179301252472,
        "f1-score": 0.9841537965204706,
        "support": 1517.0
      }
    },
    "roc_auc": 0.9950680425717683,
    "roc_curve": {
      "fpr": [
        0.0,
        0.0,
        0.0,
        0.0,
        0.0,
        0.0,
        0.0,
        0.0,
        0.0,
        0.0,
        0.0,
        0.0,
        0.0,
        0.0,
        0.0,
        0.0,
        0.0,
        0.0,
        0.0,
        0.0,
        0.0,
        0.0,
        0.0,
        0.0,
        0.0,
        0.0,
        0.0,
        0.0,
        0.0018214936247723133,
        0.0018214936247723133,
        0.0036429872495446266,
        0.0036429872495446266,
        0.00546448087431694,
        0.00546448087431694,
        0.007285974499089253,
        0.007285974499089253,
        0.009107468123861567,
        0.009107468123861567,
        0.01092896174863388,
        0.01092896174863388,
        0.012750455373406194,
        0.012750455373406194,
        0.014571948998178506,
        0.014571948998178506,
        0.018214936247723135,
        0.018214936247723135,
        0.020036429872495445,
        0.020036429872495445,
        0.02185792349726776,
        0.02185792349726776,
        0.025500910746812388,
        0.025500910746812388,
        0.0273224043715847,
        0.0273224043715847,
        0.029143897996357013,
        0.029143897996357013,
        0.03460837887067395,
        0.03460837887067395,
        0.03642987249544627,
        0.03642987249544627,
        0.03825136612021858,
        0.03825136612021858,
        0.061930783242258654,
        0.061930783242258654,
        0.12750455373406194,
        0.12750455373406194,
        0.6575591985428051,
        0.6575591985428051,
        0.8160291438979964,
        0.8160291438979964,
        1.0
      ],
      "tpr": [
        0.0,
        0.24173553719008264,
        0.2675619834710744,
        0.2737603305785124,
        0.27892561983471076,
        0.28512396694214875,
        0.2892561983471074,
        0.29132231404958675,
        0.29545454545454547,
        0.30165289256198347,
        0.3047520661157025,
        0.31714876033057854,
        0.3212809917355372,
        0.32541322314049587,
        0.32954545454545453,
        0.3305785123966942,
        0.3347107438016529,
        0.3481404958677686,
        0.3512396694214876,
        0.35330578512396693,
        0.35537190082644626,
        0.3646694214876033,
        0.3677685950413223,
        0.371900826446281,
        0.3739669421487603,
        0.41632231404958675,
        0.41838842975206614,
        0.49483471074380164,
        0.49483471074380164,
        0.6838842975206612,
        0.6838842975206612,
        0.7985537190082644,
        0.7985537190082644,
        0.8233471074380165,
        0.8233471074380165,
        0.84400826446281,
        0.84400826446281,
        0.8574380165289256,
        0.8574380165289256,
        0.9266528925619835,
        0.9266528925619835,
        0.9390495867768595,
        0.9390495867768595,
        0.9648760330578512,
        0.9648760330578512,
        0.9741735537190083,
        0.9741735537190083,
        0.9772727272727273,
        0.9772727272727273,
        0.9803719008264463,
        0.9803719008264463,
        0.9865702479338843,
        0.9865702479338843,
        0.9907024793388429,
        0.9907024793388429,
        0.9917355371900827,
        0.9917355371900827,
        0.9927685950413223,
        0.9927685950413223,
        0.993801652892562,
        0.993801652892562,
        0.9958677685950413,
        0.9958677685950413,
        0.996900826446281,
        0.996900826446281,
        0.9979338842975206,
        0.9979338842975206,
        0.9989669421487604,
        0.9989669421487604,
        1.0,
        1.0
      ],
      "thresholds": [
        Infinity,
        1.0,
        0.9999999999999998,
        0.9999999999999996,
        0.9999999999999993,
        0.9999999999999991,
        0.9999999999999989,
        0.9999999999999987,
        0.9999999999999984,
        0.9999999999999982,
        0.9999999999999978,
        0.9999999999999969,
        0.9999999999999962,
        0.9999999999999938,
        0.9999999999999933,
        0.9999999999999929,
        0.999999999999992,
        0.9999999999999833,
        0.9999999999999827,
        0.9999999999999811,
        0.9999999999999807,
        0.9999999999999682,
        0.9999999999999618,
        0.999999999999956,
        0.9999999999999551,
        0.9999999999997484,
        0.9999999999997244,
        0.9999999999971889,
        0.999999999997119,
        0.9999999970438562,
        0.999999997013723,
        0.9999999236936816,
        0.9999999147999189,
        0.9999997538233512,
        0.9999997461922638,
        0.9999993401867592,
        0.9999993286112598,
        0.9999987149199528,
        0.999998677957516,
        0.9998788041835739,
        0.9998765181956206,
        0.9993957672461128,
        0.9993852404375548,
        0.994413323790542,
        0.9901157281945357,
        0.9841602572149352,
        0.9820747857804856,
        0.9653163394447758,
        0.9634750960240579,
        0.9563018377022046,
        0.9540409637755981,
        0.9306200349315046,
        0.9148818377403583,
        0.6508569485922063,
        0.6325041112222501,
        0.591665112979752,
        0.20082338510677247,
        0.09975827887228494,
        0.06913825034415207,
        0.029631763008895185,
        0.014982445967123824,
        0.011464930697430424,
        0.0014986827076276918,
        0.0010993884390870466,
        4.111921068656133e-05,
        4.034626282604046e-05,
        1.0756037128582331e-07,
        1.0703038507533295e-07,
        1.2093717004841255e-08,
        1.2084859210859457e-08,
        9.77202906190031e-16
      ]
    }
  }
}