{
  "training_time": 3.476686,
  "train_accuracy": 0.9971746091542664,
  "model_name": "random_forest",
  "validation": {
    "accuracy": 0.9894598155467721,
    "precision": 0.9894598155467721,
    "recall": 0.9894598155467721,
    "f1_score": 0.9894598155467721,
    "confusion_matrix": [
      [
        271,
        4
      ],
      [
        4,
        480
      ]
    ],
    "roc_auc": 0.9991810668670174
  },
  "test": {
    "accuracy": 0.986156888595913,
    "precision": 0.9862414406070037,
    "recall": 0.986156888595913,
    "f1_score": 0.9861201248940286,
    "confusion_matrix": [
      [
        532,
        17
      ],
      [
        4,
        964
      ]
    ],
    "classification_report": {
      "0": {
        "precision": 0.9925373134328358,
        "recall": 0.9690346083788707,
        "f1-score": 0.9806451612903225,
        "support": 549.0
      },
      "1": {
        "precision": 0.9826707441386341,
        "recall": 0.9958677685950413,
        "f1-score": 0.9892252437147255,
        "support": 968.0
      },
      "accuracy": 0.986156888595913,
      "macro avg": {
        "precision": 0.9876040287857349,
        "recall": 0.982451188486956,
        "f1-score": 0.984935202502524,
        "support": 1517.0
      },
      "weighted avg": {
        "precision": 0.9862414406070037,
        "recall": 0.986156888595913,
        "f1-score": 0.9861201248940286,
        "support": 1517.0
      }
    },
    "roc_auc": 0.9994034984720528,
    "roc_curve": {
      "fpr": [
        0.0,
        0.0,
        0.0,
        0.0,
        0.0,
        0.0,
        0.0,
        0.0,
        0.0,
        0.0,
        0.0,
        0.0,
        0.0,
        0.0,
        0.0,
        0.0,
        0.0,
        0.0,
        0.0,
        0.0,
        0.0,
        0.0,
        0.0,
        0.0,
        0.0,
        0.0,
        0.0,
        0.0,
        0.0,
        0.0,
        0.0,
        0.0,
        0.0,
        0.0,
        0.0,
        0.0,
        0.0,
        0.0,
        0.0,
        0.0,
        0.0,
        0.0,
        0.0,
        0.0,
        0.0,
        0.0,
        0.0,
        0.0,
        0.0,
        0.0,
        0.0,
        0.0,
        0.0,
        0.0,
        0.0,
        0.0,
        0.0,
        0.0,
        0.0,
        0.0,
        0.0,
        0.0,
        0.0,
        0.0,
        0.0,
        0.0,
        0.0,
        0.0,
        0.0,
        0.0,
        0.0,
        0.0,
        0.0,
        0.0,
        0.0,
        0.0,
        0.0,
        0.0,
        0.0,
        0.0,
        0.0,
        0.0,
        0.0,
        0.0,
        0.0,
        0.0,
        0.0,
        0.0,
        0.0,
        0.0,
        0.0,
        0.0,
        0.0,
        0.0,
        0.0,
        0.0,
        0.0,
        0.0,
        0.0,
        0.0,
        0.0,
        0.0,
        0.0,
        0.0,
        0.0,
        0.0,
        0.0,
        0.0,
        0.0,
        0.0,
        0.0,
        0.0,
        0.0,
        0.0,
        0.0,
        0.0,
        0.0,
        0.0,
        0.0,
        0.0,
        0.0,
        0.0,
        0.0018214936247723133,
        0.0018214936247723133,
        0.0036429872495446266,
        0.0036429872495446266,
        0.00546448087431694,
        0.00546448087431694,
        0.007285974499089253,
        0.007285974499089253,
        0.009107468123861567,
        0.009107468123861567,
        0.012750455373406194,
        0.012750455373406194,
        0.014571948998178506,
        0.014571948998178506,
        0.01639344262295082,
        0.01639344262295082,
        0.020036429872495445,
        0.020036429872495445,
        0.023679417122040074,
        0.023679417122040074,
        0.029143897996357013,
        0.029143897996357013,
        0.030965391621129327,
        0.030965391621129327,
        0.03278688524590164,
        0.03278688524590164,
        0.03825136612021858,
        0.03825136612021858,
        0.14754098360655737,
        0.14754098360655737,
        0.2586520947176685,
        0.26229508196721313,
        0.2877959927140255,
        0.29143897996357016,
        0.30965391621129323,
        0.3132969034608379,
        0.3570127504553734,
        0.36065573770491804,
        0.3679417122040073,
        0.37158469945355194,
        0.37340619307832423,
        0.3770491803278688,
        0.3788706739526412,
        0.3825136612021858,
        0.38979963570127507,
        0.39344262295081966,
        0.4007285974499089,
        0.4080145719489982,
        0.4207650273224044,
        0.424408014571949,
        0.4262295081967213,
        0.4335154826958106,
        0.4353369763205829,
        0.43897996357012753,
        0.4444444444444444,
        0.44808743169398907,
        0.4517304189435337,
        0.4553734061930783,
        0.46083788706739526,
        0.4681238615664845,
        0.47540983606557374,
        0.4790528233151184,
        0.4808743169398907,
        0.48816029143898,
        0.4936247723132969,
        0.5027322404371585,
        0.5045537340619308,
        0.5081967213114754,
        0.51183970856102,
        0.5245901639344263,
        0.5318761384335154,
        0.5391621129326047,
        0.5428051001821493,
        0.5737704918032787,
        0.5774134790528234,
        0.5846994535519126,
        0.5865209471766849,
        0.599271402550091,
        0.6010928961748634,
        0.639344262295082,
        0.6429872495446266,
        0.6666666666666666,
        0.668488160291439,
        0.6757741347905283,
        0.6830601092896175,
        0.6848816029143898,
        1.0
      ],