{
  "training_time": 45.146424,
  "train_accuracy": 0.9998116406102844,
  "model_name": "xgboost",
  "validation": {
    "accuracy": 0.9907773386034255,
    "precision": 0.9907888563871223,
    "recall": 0.9907773386034255,
    "f1_score": 0.9907662951011874,
    "confusion_matrix": [
      [
        270,
        5
      ],
      [
        2,
        482
      ]
    ],
    "roc_auc": 0.999038317054846
  },
  "test": {
    "accuracy": 0.989452867501648,
    "precision": 0.9894509660950077,
    "recall": 0.989452867501648,
    "f1_score": 0.9894444590562441,
    "confusion_matrix": [
      [
        539,
        10
      ],
      [
        6,
        962
      ]
    ],
    "classification_report": {
      "0": {
        "precision": 0.9889908256880734,
        "recall": 0.9817850637522769,
        "f1-score": 0.9853747714808044,
        "support": 549.0
      },
      "1": {
        "precision": 0.9897119341563786,
        "recall": 0.993801652892562,
        "f1-score": 0.9917525773195877,
        "support": 968.0
      },
      "accuracy": 0.989452867501648,
      "macro avg": {
        "precision": 0.989351379922226,
        "recall": 0.9877933583224194,
        "f1-score": 0.988563674400196,
        "support": 1517.0
      },
      "weighted avg": {
        "precision": 0.9894509660950077,
        "recall": 0.989452867501648,
        "f1-score": 0.9894444590562441,
        "support": 1517.0
      }
    },
    "roc_auc": 0.9987242017793434,
    "roc_curve": {
      "fpr": [
        0.0,
        0.0,
        0.0,
        0.0,
        0.0,
        0.0,
        0.0,
        0.0,
        0.0,
        0.0,
        0.0,
        0.0,
        0.0,
        0.0,
        0.0,
        0.0,
        0.0,
        0.0,
        0.0,
        0.0,
        0.0,
        0.0,
        0.0,
        0.0,
        0.0,
        0.0,
        0.0,
        0.0,
        0.0,
        0.0,
        0.0,
        0.0,
        0.0,
        0.0,
        0.0,
        0.0,
        0.0,
        0.0,
        0.0,
        0.0,
        0.0,
        0.0,
        0.0,
        0.0,
        0.0,
        0.0,
        0.0,
        0.0,
        0.0,
        0.0,
        0.0,
        0.0,
        0.0,
        0.0,
        0.0,
        0.0,
        0.0,
        0.0,
        0.0,
        0.0,
        0.0,
        0.0,
        0.0,
        0.0,
        0.0,
        0.0,
        0.0,
        0.0,
        0.0,
        0.0,
        0.0,
        0.0,
        0.0,
        0.0,
        0.0,
        0.0,
        0.0,
        0.0,
        0.0,
        0.0,
        0.0,
        0.0,
        0.0,
        0.0,
        0.0,
        0.0,
        0.0,
        0.0,
        0.0,
        0.0,
        0.0,
        0.0,
        0.0,
        0.0,
        0.0,
        0.0,
        0.0,
        0.0,
        0.0,
        0.0,
        0.0,
        0.0,
        0.0,
        0.0,
        0.0,
        0.0,
        0.0,
        0.0,
        0.0,
        0.0,
        0.0,
        0.0018214936247723133,
        0.0018214936247723133,
        0.0018214936247723133,
        0.0018214936247723133,
        0.0018214936247723133,
        0.0036429872495446266,
        0.0036429872495446266,
        0.0036429872495446266,
        0.0036429872495446266,
        0.0036429872495446266,
        0.0036429872495446266,
        0.00546448087431694,
        0.00546448087431694,
        0.007285974499089253,
        0.007285974499089253,
        0.007285974499089253,
        0.007285974499089253,
        0.009107468123861567,
        0.009107468123861567,
        0.01092896174863388,
        0.01092896174863388,
        0.018214936247723135,
        0.018214936247723135,
        0.020036429872495445,
        0.020036429872495445,
        0.02185792349726776,
        0.02185792349726776,
        0.023679417122040074,
        0.023679417122040074,
        0.025500910746812388,
        0.025500910746812388,
        0.030965391621129327,
        0.030965391621129327,
        0.28051001821493626,
        0.28051001821493626,
        1.0
      ],